-- MySQL dump 10.13  Distrib 8.0.19, for Linux (i686)
--
-- Host: localhost    Database: vk
-- ------------------------------------------------------
-- Server version	8.0.19

/*!40101 SET @OLD_CHARACTER_SET_CLIENT=@@CHARACTER_SET_CLIENT */;
/*!40101 SET @OLD_CHARACTER_SET_RESULTS=@@CHARACTER_SET_RESULTS */;
/*!40101 SET @OLD_COLLATION_CONNECTION=@@COLLATION_CONNECTION */;
/*!50503 SET NAMES utf8mb4 */;
/*!40103 SET @OLD_TIME_ZONE=@@TIME_ZONE */;
/*!40103 SET TIME_ZONE='+00:00' */;
/*!40014 SET @OLD_UNIQUE_CHECKS=@@UNIQUE_CHECKS, UNIQUE_CHECKS=0 */;
/*!40014 SET @OLD_FOREIGN_KEY_CHECKS=@@FOREIGN_KEY_CHECKS, FOREIGN_KEY_CHECKS=0 */;
/*!40101 SET @OLD_SQL_MODE=@@SQL_MODE, SQL_MODE='NO_AUTO_VALUE_ON_ZERO' */;
/*!40111 SET @OLD_SQL_NOTES=@@SQL_NOTES, SQL_NOTES=0 */;

--
-- Table structure for table `communities`
--

DROP TABLE IF EXISTS `communities`;
/*!40101 SET @saved_cs_client     = @@character_set_client */;
/*!50503 SET character_set_client = utf8mb4 */;
CREATE TABLE `communities` (
  `id` int unsigned NOT NULL AUTO_INCREMENT,
  `name` varchar(150) CHARACTER SET utf8 COLLATE utf8_unicode_ci NOT NULL,
  PRIMARY KEY (`id`),
  UNIQUE KEY `name` (`name`)
) ENGINE=InnoDB AUTO_INCREMENT=101 DEFAULT CHARSET=utf8 COLLATE=utf8_unicode_ci;
/*!40101 SET character_set_client = @saved_cs_client */;

--
-- Dumping data for table `communities`
--

LOCK TABLES `communities` WRITE;
/*!40000 ALTER TABLE `communities` DISABLE KEYS */;
INSERT INTO `communities` VALUES (9,'at'),(5,'dolor'),(14,'dolorem'),(20,'eaque'),(18,'est'),(7,'facere'),(12,'laboriosam'),(16,'magni'),(2,'molestiae'),(13,'molestias'),(17,'necessitatibus'),(6,'nulla'),(19,'odit'),(11,'quis'),(4,'sit'),(8,'tempore'),(10,'ut'),(15,'vel'),(1,'vero'),(3,'voluptas');
/*!40000 ALTER TABLE `communities` ENABLE KEYS */;
UNLOCK TABLES;

--
-- Table structure for table `communities_users`
--

DROP TABLE IF EXISTS `communities_users`;
/*!40101 SET @saved_cs_client     = @@character_set_client */;
/*!50503 SET character_set_client = utf8mb4 */;
CREATE TABLE `communities_users` (
  `community_id` int unsigned NOT NULL,
  `user_id` int unsigned NOT NULL,
  PRIMARY KEY (`community_id`,`user_id`)
) ENGINE=InnoDB DEFAULT CHARSET=utf8 COLLATE=utf8_unicode_ci;
/*!40101 SET character_set_client = @saved_cs_client */;

--
-- Dumping data for table `communities_users`
--

LOCK TABLES `communities_users` WRITE;
/*!40000 ALTER TABLE `communities_users` DISABLE KEYS */;
INSERT INTO `communities_users` VALUES (1,18),(1,24),(1,99),(2,23),(2,49),(2,70),(2,79),(2,86),(2,95),(3,14),(3,15),(3,29),(3,31),(3,58),(3,64),(3,66),(4,35),(4,45),(4,46),(4,89),(5,5),(5,17),(5,37),(5,38),(5,44),(6,11),(6,74),(7,16),(7,30),(7,84),(7,100),(8,4),(8,50),(8,53),(8,61),(9,59),(9,76),(9,81),(9,90),(10,12),(10,20),(10,22),(10,47),(10,56),(10,68),(11,13),(11,19),(11,39),(11,51),(11,69),(11,73),(11,97),(12,3),(12,9),(12,42),(12,52),(12,77),(12,78),(12,91),(12,93),(12,96),(13,27),(13,32),(13,41),(13,85),(13,87),(14,33),(14,34),(14,48),(14,83),(14,92),(15,7),(15,57),(15,60),(15,80),(16,21),(16,25),(16,26),(16,71),(16,72),(17,1),(17,2),(17,28),(17,40),(17,62),(17,88),(18,6),(18,55),(18,75),(19,8),(19,63),(19,65),(19,98),(20,10),(20,36),(20,43),(20,54),(20,67),(20,82),(20,94);
/*!40000 ALTER TABLE `communities_users` ENABLE KEYS */;
UNLOCK TABLES;

--
-- Table structure for table `friendship`
--

DROP TABLE IF EXISTS `friendship`;
/*!40101 SET @saved_cs_client     = @@character_set_client */;
/*!50503 SET character_set_client = utf8mb4 */;
CREATE TABLE `friendship` (
  `user_id` int unsigned NOT NULL,
  `friend_id` int unsigned NOT NULL,
  `status_id` int unsigned NOT NULL,
  `requested_at` datetime DEFAULT CURRENT_TIMESTAMP,
  `confirmed_at` datetime DEFAULT NULL,
  PRIMARY KEY (`user_id`,`friend_id`)
) ENGINE=InnoDB DEFAULT CHARSET=utf8 COLLATE=utf8_unicode_ci;
/*!40101 SET character_set_client = @saved_cs_client */;

--
-- Dumping data for table `friendship`
--

LOCK TABLES `friendship` WRITE;
/*!40000 ALTER TABLE `friendship` DISABLE KEYS */;
INSERT INTO `friendship` VALUES (2,100,3,'2010-06-14 00:48:46','2010-06-15 00:48:46'),(5,11,1,'1993-04-15 05:15:36','1998-08-08 01:43:57'),(5,29,1,'2012-02-16 19:33:02','2012-02-17 19:33:02'),(5,95,3,'2008-03-06 06:51:54','2008-03-07 06:51:54'),(9,94,3,'2009-01-11 06:31:33','2016-11-22 02:56:39'),(10,45,1,'2001-10-30 18:03:58','2003-03-08 09:25:48'),(10,84,3,'1971-04-07 19:48:42','2005-02-26 02:20:24'),(10,97,1,'1976-06-07 20:05:19','1980-09-05 06:02:58'),(11,13,2,'1976-08-10 06:49:41','1979-01-09 17:33:46'),(11,40,2,'2001-11-02 00:01:05','2001-11-03 00:01:05'),(11,86,3,'2006-04-18 06:29:37','2006-04-19 06:29:37'),(12,62,2,'2012-04-18 15:40:18','2014-10-16 02:31:02'),(12,84,3,'2006-11-24 16:27:15','2006-11-25 16:27:15'),(12,89,2,'1981-09-23 21:40:02','2012-05-26 10:27:42'),(14,50,1,'1972-05-25 09:51:44','2000-01-05 12:53:13'),(14,87,2,'1996-01-08 19:19:33','1996-01-09 19:19:33'),(18,18,2,'2018-06-03 19:21:34','2018-06-04 19:21:34'),(18,94,2,'1991-09-20 22:47:17','2008-12-19 20:03:10'),(19,31,1,'1989-07-16 14:12:53','1990-07-18 18:44:50'),(19,37,1,'2007-01-17 20:02:26','2007-01-18 20:02:26'),(20,14,2,'1971-07-28 02:29:31','1996-01-02 21:20:08'),(20,34,3,'2015-12-02 10:31:59','2015-12-03 10:31:59'),(22,70,2,'1979-07-03 19:07:50','2012-09-30 22:09:44'),(27,56,2,'1987-12-19 08:36:26','1987-12-20 08:36:26'),(27,94,2,'1974-06-03 13:17:41','2017-05-12 20:25:28'),(30,10,1,'1980-12-06 21:41:51','2014-10-29 02:59:45'),(30,35,3,'1994-06-13 21:04:08','2002-09-30 16:26:01'),(32,71,1,'1999-07-05 01:34:38','1999-07-06 01:34:38'),(36,72,3,'1993-11-02 18:19:04','1999-09-17 05:12:11'),(37,3,2,'2001-07-31 14:07:39','2001-08-01 14:07:39'),(37,4,1,'2008-07-11 13:37:21','2008-07-12 13:37:21'),(37,32,3,'1974-05-13 22:35:06','1979-09-23 15:29:01'),(37,43,3,'1996-03-15 22:06:55','2013-02-14 23:16:44'),(37,84,2,'1970-06-07 07:55:26','2001-01-23 15:19:22'),(38,35,3,'1972-10-07 13:11:23','1991-07-17 08:40:19'),(39,57,1,'2013-09-08 19:02:28','2013-09-09 19:02:28'),(39,93,2,'1990-09-22 16:18:46','2012-07-13 16:24:53'),(40,67,1,'2011-12-07 07:44:30','2011-12-08 07:44:30'),(41,89,3,'1974-04-16 03:48:04','2003-06-13 09:56:31'),(43,34,1,'1970-06-01 04:15:17','1974-06-23 03:57:22'),(43,75,1,'1971-01-09 00:34:54','1998-03-07 06:08:49'),(45,1,3,'1991-09-05 20:33:16','2016-09-22 10:02:03'),(45,65,2,'2004-11-25 05:48:52','2004-11-26 05:48:52'),(47,58,3,'2012-07-25 03:23:11','2012-07-26 03:23:11'),(49,48,1,'2010-05-28 17:22:30','2010-05-29 17:22:30'),(49,71,2,'1996-07-18 13:11:55','2013-09-16 23:36:14'),(50,21,1,'1992-03-26 04:57:09','1992-03-27 04:57:09'),(51,39,1,'1988-03-02 22:20:44','1990-12-26 11:22:34'),(51,87,2,'1991-05-17 14:10:51','1995-09-29 15:54:03'),(52,67,3,'1978-02-27 19:03:20','2006-10-14 14:47:33'),(53,3,3,'1970-11-17 18:49:57','1985-07-19 11:49:06'),(54,60,2,'2014-06-17 15:08:44','2014-06-18 15:08:44'),(54,80,1,'2017-08-03 05:22:18','2017-08-04 05:22:18'),(55,23,1,'1981-09-13 18:09:00','1981-09-22 03:39:02'),(55,57,2,'2002-02-15 05:32:45','2011-12-02 17:33:24'),(56,11,1,'2005-03-16 18:14:54','2005-03-17 18:14:54'),(57,65,3,'1979-11-22 23:42:44','2018-06-02 11:41:40'),(58,6,3,'1999-06-13 06:06:09','1999-06-14 06:06:09'),(59,81,2,'2010-05-01 05:59:54','2010-05-02 05:59:54'),(60,94,3,'1986-08-26 12:25:30','1986-08-27 12:25:30'),(61,59,1,'1992-01-31 00:47:10','2005-04-25 05:39:23'),(61,74,3,'1974-09-16 02:26:13','2002-04-25 23:21:19'),(62,40,2,'1981-10-07 03:32:09','1981-10-08 03:32:09'),(67,15,3,'2001-07-04 05:09:53','2009-09-01 01:20:35'),(67,35,3,'1981-01-08 06:12:10','1985-05-17 13:12:54'),(68,23,1,'2012-05-09 19:30:46','2012-05-10 19:30:46'),(69,72,1,'1988-08-19 11:35:54','2017-07-18 20:40:11'),(70,47,1,'2004-12-03 19:19:11','2004-12-04 19:19:11'),(70,66,1,'2004-01-25 01:12:53','2004-01-26 01:12:53'),(72,16,2,'2017-02-04 15:25:59','2017-02-05 15:25:59'),(73,28,1,'2016-11-15 19:08:19','2016-11-16 19:08:19'),(74,12,2,'1990-10-13 05:19:03','1990-10-14 05:19:03'),(74,40,3,'1986-08-23 10:37:45','2015-12-26 08:12:38'),(75,54,2,'1976-10-27 23:56:57','2006-02-22 16:30:40'),(75,56,3,'1984-09-12 02:30:24','2001-04-20 02:37:46'),(78,89,1,'1979-02-02 21:14:24','2007-02-05 08:44:59'),(81,44,2,'1993-09-25 08:50:03','1995-11-07 05:40:24'),(81,52,2,'1998-07-29 14:50:47','1998-07-30 14:50:47'),(83,17,2,'1979-04-14 04:41:23','1999-05-13 16:31:06'),(84,5,3,'2009-05-27 12:50:50','2014-06-11 12:15:42'),(84,9,3,'1993-01-29 23:59:57','1993-01-30 23:59:57'),(84,31,1,'1997-03-22 15:51:07','1997-03-23 15:51:07'),(84,85,1,'2013-01-16 16:34:03','2013-01-17 16:34:03'),(85,46,3,'2002-11-28 21:58:58','2002-11-29 21:58:58'),(86,5,2,'1993-09-14 20:24:32','2005-11-25 10:19:22'),(87,11,3,'1970-04-28 17:56:45','1998-09-25 01:47:41'),(87,31,1,'2014-01-02 05:09:39','2014-01-03 05:09:39'),(87,83,3,'2000-05-22 16:17:32','2000-05-23 16:17:32'),(87,100,1,'1975-06-12 10:32:04','1990-06-08 19:41:01'),(88,43,3,'2017-02-19 07:00:14','2017-02-20 07:00:14'),(90,60,1,'2015-11-22 04:09:21','2015-11-23 04:09:21'),(91,11,3,'2013-02-28 02:44:28','2019-03-12 20:52:40'),(91,71,2,'2003-01-27 19:08:50','2003-01-28 19:08:50'),(93,3,2,'2008-08-20 18:37:20','2008-08-21 18:37:20'),(93,33,2,'1975-07-21 16:44:33','2019-02-25 17:36:07'),(95,74,3,'2020-01-20 17:58:27','2020-01-21 17:58:27'),(96,22,2,'2018-08-21 17:38:46','2018-08-22 17:38:46'),(97,47,2,'2007-10-07 14:18:46','2007-10-08 14:18:46'),(98,96,2,'1990-10-29 01:37:32','1990-10-30 01:37:32'),(99,27,1,'2015-02-18 00:52:48','2015-02-19 00:52:48');
/*!40000 ALTER TABLE `friendship` ENABLE KEYS */;
UNLOCK TABLES;

--
-- Table structure for table `friendship_statuses`
--

DROP TABLE IF EXISTS `friendship_statuses`;
/*!40101 SET @saved_cs_client     = @@character_set_client */;
/*!50503 SET character_set_client = utf8mb4 */;
CREATE TABLE `friendship_statuses` (
  `id` int unsigned NOT NULL AUTO_INCREMENT,
  `name` varchar(150) CHARACTER SET utf8 COLLATE utf8_unicode_ci NOT NULL,
  PRIMARY KEY (`id`),
  UNIQUE KEY `name` (`name`)
) ENGINE=InnoDB AUTO_INCREMENT=4 DEFAULT CHARSET=utf8 COLLATE=utf8_unicode_ci;
/*!40101 SET character_set_client = @saved_cs_client */;

--
-- Dumping data for table `friendship_statuses`
--

LOCK TABLES `friendship_statuses` WRITE;
/*!40000 ALTER TABLE `friendship_statuses` DISABLE KEYS */;
INSERT INTO `friendship_statuses` VALUES (2,'Confirmed'),(3,'Rejected'),(1,'Requested');
/*!40000 ALTER TABLE `friendship_statuses` ENABLE KEYS */;
UNLOCK TABLES;

--
-- Table structure for table `media`
--

DROP TABLE IF EXISTS `media`;
/*!40101 SET @saved_cs_client     = @@character_set_client */;
/*!50503 SET character_set_client = utf8mb4 */;
CREATE TABLE `media` (
  `id` int unsigned NOT NULL AUTO_INCREMENT,
  `media_type_id` int unsigned NOT NULL,
  `user_id` int unsigned NOT NULL,
  `filename` varchar(255) CHARACTER SET utf8 COLLATE utf8_unicode_ci NOT NULL,
  `size` int NOT NULL,
  `metadata` json DEFAULT NULL,
  `created_at` datetime DEFAULT CURRENT_TIMESTAMP,
  `updated_at` datetime DEFAULT CURRENT_TIMESTAMP ON UPDATE CURRENT_TIMESTAMP,
  PRIMARY KEY (`id`)
) ENGINE=InnoDB AUTO_INCREMENT=101 DEFAULT CHARSET=utf8 COLLATE=utf8_unicode_ci;
/*!40101 SET character_set_client = @saved_cs_client */;

--
-- Dumping data for table `media`
--

LOCK TABLES `media` WRITE;
/*!40000 ALTER TABLE `media` DISABLE KEYS */;
INSERT INTO `media` VALUES (1,2,20,'https://dropbox/vk/ut.mprg',374279,'{\"owner\": \"Robert Kihn\"}','1975-03-30 07:15:12','2020-05-02 19:58:18'),(2,1,64,'https://dropbox/vk/aut.avi',980645,'{\"owner\": \"Melany Rohan\"}','2010-03-01 08:33:35','2020-05-02 19:58:18'),(3,2,59,'https://dropbox/vk/et.mprg',770387,'{\"owner\": \"Oliver Kub\"}','2000-05-07 08:02:15','2020-05-02 19:58:18'),(4,3,3,'https://dropbox/vk/quidem.jpeg',9052331,'{\"owner\": \"Jalon Mayer\"}','1986-08-12 01:01:16','2020-05-02 19:58:18'),(5,1,39,'https://dropbox/vk/autem.png',4482223,'{\"owner\": \"Grover Hauck\"}','2010-06-17 18:08:48','2020-05-02 19:58:18'),(6,1,83,'https://dropbox/vk/soluta.png',3144,'{\"owner\": \"Maryam Flatley\"}','1998-02-28 22:09:11','2020-05-02 19:58:18'),(7,2,99,'https://dropbox/vk/velit.avi',3405378,'{\"owner\": \"Missouri Beier\"}','2003-06-14 18:36:03','2020-05-02 19:58:18'),(8,1,44,'https://dropbox/vk/quia.png',91233031,'{\"owner\": \"Destiny Rowe\"}','1998-06-14 22:36:32','2020-05-02 19:58:18'),(9,2,25,'https://dropbox/vk/id.png',9672,'{\"owner\": \"Dave Hirthe\"}','2005-03-30 02:52:07','2020-05-02 19:58:18'),(10,3,92,'https://dropbox/vk/ut.jpeg',544830249,'{\"owner\": \"Odessa Torphy\"}','2014-10-24 16:35:00','2020-05-02 19:58:18'),(11,1,83,'https://dropbox/vk/aut.avi',900000,'{\"owner\": \"Maryam Flatley\"}','1984-04-23 17:07:48','2020-05-02 19:58:18'),(12,2,39,'https://dropbox/vk/dolores.avi',9301,'{\"owner\": \"Grover Hauck\"}','1988-11-18 09:42:44','2020-05-02 19:58:18'),(13,3,47,'https://dropbox/vk/officiis.jpeg',178839,'{\"owner\": \"Deshaun Yundt\"}','2002-12-22 23:16:52','2020-05-02 19:58:18'),(14,3,15,'https://dropbox/vk/rerum.mprg',25898,'{\"owner\": \"Blaze Feil\"}','1986-05-14 11:22:25','2020-05-02 19:58:18'),(15,3,35,'https://dropbox/vk/adipisci.mprg',4956,'{\"owner\": \"Bart Heathcote\"}','1984-09-18 01:37:44','2020-05-02 19:58:18'),(16,1,31,'https://dropbox/vk/enim.png',184198,'{\"owner\": \"Reece Ratke\"}','1991-02-09 20:12:02','2020-05-02 19:58:18'),(17,2,46,'https://dropbox/vk/quaerat.png',451167,'{\"owner\": \"Pansy Bruen\"}','1978-11-29 17:30:40','2020-05-02 19:58:18'),(18,3,40,'https://dropbox/vk/voluptatum.avi',374473,'{\"owner\": \"Daniela Jerde\"}','2009-11-16 11:50:13','2020-05-02 19:58:18'),(19,2,60,'https://dropbox/vk/est.png',309771,'{\"owner\": \"Mary Leffler\"}','1971-10-22 02:05:44','2020-05-02 19:58:18'),(20,3,78,'https://dropbox/vk/rerum.avi',415436,'{\"owner\": \"Carlos Williamson\"}','1975-03-14 13:31:18','2020-05-02 19:58:18'),(21,2,12,'https://dropbox/vk/non.png',137867,'{\"owner\": \"Josie Sporer\"}','1994-02-06 06:40:56','2020-05-02 19:58:18'),(22,1,26,'https://dropbox/vk/sunt.png',527065623,'{\"owner\": \"Kari Moen\"}','2000-12-07 11:55:29','2020-05-02 19:58:18'),(23,3,93,'https://dropbox/vk/inventore.png',433026,'{\"owner\": \"Isidro Botsford\"}','1971-02-25 17:08:02','2020-05-02 19:58:18'),(24,2,86,'https://dropbox/vk/possimus.jpeg',741533,'{\"owner\": \"Reba Hermann\"}','1999-08-02 01:37:34','2020-05-02 19:58:18'),(25,3,50,'https://dropbox/vk/culpa.jpeg',1473325,'{\"owner\": \"Ewald Emmerich\"}','2017-12-24 21:34:02','2020-05-02 19:58:18'),(26,2,93,'https://dropbox/vk/impedit.png',1833,'{\"owner\": \"Isidro Botsford\"}','2019-02-17 15:28:11','2020-05-02 19:58:18'),(27,1,13,'https://dropbox/vk/rem.jpeg',398584,'{\"owner\": \"Lester Jacobson\"}','2007-05-29 05:47:33','2020-05-02 19:58:18'),(28,3,86,'https://dropbox/vk/voluptatem.png',758325,'{\"owner\": \"Reba Hermann\"}','1973-06-11 09:03:46','2020-05-02 19:58:18'),(29,3,89,'https://dropbox/vk/dolores.avi',585870,'{\"owner\": \"Marques Vandervort\"}','1995-07-13 12:50:43','2020-05-02 19:58:18'),(30,3,86,'https://dropbox/vk/et.avi',644378,'{\"owner\": \"Reba Hermann\"}','1974-04-06 16:34:53','2020-05-02 19:58:18'),(31,1,63,'https://dropbox/vk/officiis.avi',9205,'{\"owner\": \"Barry Anderson\"}','1971-10-25 03:23:49','2020-05-02 19:58:18'),(32,2,56,'https://dropbox/vk/est.png',47759132,'{\"owner\": \"Nella Beatty\"}','2000-12-20 04:24:04','2020-05-02 19:58:18'),(33,2,91,'https://dropbox/vk/et.avi',454279,'{\"owner\": \"Lucienne Gibson\"}','2006-07-13 01:29:57','2020-05-02 19:58:18'),(34,3,86,'https://dropbox/vk/sed.png',328261,'{\"owner\": \"Reba Hermann\"}','1982-05-05 02:47:48','2020-05-02 19:58:18'),(35,2,58,'https://dropbox/vk/repudiandae.mprg',85150542,'{\"owner\": \"Cloyd Olson\"}','2018-11-29 12:29:44','2020-05-02 19:58:18'),(36,1,30,'https://dropbox/vk/omnis.jpeg',7959842,'{\"owner\": \"Lyric Bernhard\"}','2002-07-29 18:04:23','2020-05-02 19:58:18'),(37,1,75,'https://dropbox/vk/ex.jpeg',16934019,'{\"owner\": \"Tre Bosco\"}','2010-06-22 23:16:12','2020-05-02 19:58:18'),(38,1,85,'https://dropbox/vk/nihil.png',8969,'{\"owner\": \"Onie Reichel\"}','1985-03-13 12:01:12','2020-05-02 19:58:18'),(39,3,100,'https://dropbox/vk/quisquam.png',268468,'{\"owner\": \"Hosea Goldner\"}','1983-01-02 04:24:06','2020-05-02 19:58:18'),(40,3,44,'https://dropbox/vk/quae.jpeg',219018574,'{\"owner\": \"Destiny Rowe\"}','1982-10-31 18:13:03','2020-05-02 19:58:18'),(41,1,20,'https://dropbox/vk/ut.jpeg',74796721,'{\"owner\": \"Robert Kihn\"}','1977-04-04 23:35:37','2020-05-02 19:58:18'),(42,3,68,'https://dropbox/vk/quae.png',347558,'{\"owner\": \"Kenyatta Mraz\"}','1975-02-28 02:45:19','2020-05-02 19:58:18'),(43,3,81,'https://dropbox/vk/nobis.mprg',922387,'{\"owner\": \"Jameson Prohaska\"}','1978-08-16 15:34:01','2020-05-02 19:58:18'),(44,3,98,'https://dropbox/vk/occaecati.avi',622005,'{\"owner\": \"Elmira Glover\"}','2018-02-02 14:04:38','2020-05-02 19:58:18'),(45,1,48,'https://dropbox/vk/optio.png',715858012,'{\"owner\": \"Mabel Schimmel\"}','2003-02-24 00:01:12','2020-05-02 19:58:18'),(46,2,43,'https://dropbox/vk/eos.avi',5976621,'{\"owner\": \"Adaline Gorczany\"}','1993-10-28 22:37:36','2020-05-02 19:58:18'),(47,2,74,'https://dropbox/vk/minus.png',343806278,'{\"owner\": \"Jovanny Terry\"}','1980-02-05 16:05:00','2020-05-02 19:58:18'),(48,2,38,'https://dropbox/vk/blanditiis.avi',783011195,'{\"owner\": \"Jaclyn Stehr\"}','1981-03-21 18:49:46','2020-05-02 19:58:18'),(49,3,68,'https://dropbox/vk/nesciunt.jpeg',748118,'{\"owner\": \"Kenyatta Mraz\"}','2005-01-12 20:12:23','2020-05-02 19:58:18'),(50,1,27,'https://dropbox/vk/totam.avi',559261,'{\"owner\": \"Reed Zieme\"}','1993-08-17 22:13:22','2020-05-02 19:58:18'),(51,1,30,'https://dropbox/vk/accusamus.png',19146,'{\"owner\": \"Lyric Bernhard\"}','1971-03-30 01:09:31','2020-05-02 19:58:18'),(52,2,70,'https://dropbox/vk/quia.mprg',407945,'{\"owner\": \"Alexandrea Hoppe\"}','1990-08-17 18:09:34','2020-05-02 19:58:18'),(53,2,57,'https://dropbox/vk/maiores.mprg',58476,'{\"owner\": \"Shane Gislason\"}','1985-10-26 00:09:29','2020-05-02 19:58:18'),(54,3,74,'https://dropbox/vk/voluptatem.avi',972290,'{\"owner\": \"Jovanny Terry\"}','1984-08-28 01:25:11','2020-05-02 19:58:18'),(55,2,2,'https://dropbox/vk/voluptatem.jpeg',596668,'{\"owner\": \"Marvin Grady\"}','1972-04-26 02:08:27','2020-05-02 19:58:18'),(56,1,84,'https://dropbox/vk/corrupti.png',94194,'{\"owner\": \"Roscoe Simonis\"}','1995-01-26 09:09:27','2020-05-02 19:58:18'),(57,2,14,'https://dropbox/vk/quis.png',627614,'{\"owner\": \"Sydnie Mueller\"}','1984-01-31 18:54:46','2020-05-02 19:58:18'),(58,3,16,'https://dropbox/vk/quod.jpeg',211200,'{\"owner\": \"Prince Haley\"}','1979-05-15 16:46:07','2020-05-02 19:58:18'),(59,2,40,'https://dropbox/vk/harum.jpeg',407700803,'{\"owner\": \"Daniela Jerde\"}','2019-10-07 20:45:33','2020-05-02 19:58:18'),(60,3,53,'https://dropbox/vk/placeat.mprg',163157,'{\"owner\": \"Erling Lynch\"}','1981-05-24 19:07:30','2020-05-02 19:58:18'),(61,3,41,'https://dropbox/vk/sit.mprg',31891,'{\"owner\": \"Mabel Price\"}','1998-01-19 06:56:54','2020-05-02 19:58:18'),(62,2,46,'https://dropbox/vk/voluptas.png',9765635,'{\"owner\": \"Pansy Bruen\"}','1979-06-20 20:34:18','2020-05-02 19:58:18'),(63,1,7,'https://dropbox/vk/rerum.avi',840767,'{\"owner\": \"Assunta Lowe\"}','2006-11-04 04:15:07','2020-05-02 19:58:18'),(64,1,95,'https://dropbox/vk/provident.mprg',462561914,'{\"owner\": \"Chester Sporer\"}','1991-09-18 21:09:34','2020-05-02 19:58:18'),(65,3,57,'https://dropbox/vk/expedita.avi',233461,'{\"owner\": \"Shane Gislason\"}','1994-12-28 19:12:38','2020-05-02 19:58:18'),(66,3,96,'https://dropbox/vk/et.jpeg',59204626,'{\"owner\": \"Maryjane Swaniawski\"}','1974-03-21 05:12:54','2020-05-02 19:58:18'),(67,2,10,'https://dropbox/vk/ad.mprg',3205,'{\"owner\": \"Coty Bergnaum\"}','2003-01-27 01:44:59','2020-05-02 19:58:18'),(68,3,62,'https://dropbox/vk/voluptas.png',337070,'{\"owner\": \"Althea Langosh\"}','2018-04-10 18:02:18','2020-05-02 19:58:18'),(69,1,80,'https://dropbox/vk/ipsam.avi',97775290,'{\"owner\": \"Davion Schmeler\"}','2018-03-09 20:16:10','2020-05-02 19:58:18'),(70,2,12,'https://dropbox/vk/ab.jpeg',172188,'{\"owner\": \"Josie Sporer\"}','1992-02-01 02:02:28','2020-05-02 19:58:18'),(71,2,21,'https://dropbox/vk/qui.avi',361468,'{\"owner\": \"Kaleb Konopelski\"}','1997-06-17 21:26:36','2020-05-02 19:58:18'),(72,3,67,'https://dropbox/vk/vel.jpeg',15712,'{\"owner\": \"Raina Padberg\"}','1992-03-12 21:31:30','2020-05-02 19:58:18'),(73,3,73,'https://dropbox/vk/quae.mprg',82492,'{\"owner\": \"Ahmad Schimmel\"}','2016-03-27 13:20:12','2020-05-02 19:58:18'),(74,3,63,'https://dropbox/vk/modi.jpeg',64963631,'{\"owner\": \"Barry Anderson\"}','1984-04-06 05:11:05','2020-05-02 19:58:18'),(75,2,97,'https://dropbox/vk/laboriosam.jpeg',280775,'{\"owner\": \"Esta Ryan\"}','2016-05-10 02:41:19','2020-05-02 19:58:18'),(76,3,95,'https://dropbox/vk/ut.jpeg',2480,'{\"owner\": \"Chester Sporer\"}','1989-02-06 21:51:50','2020-05-02 19:58:18'),(77,3,83,'https://dropbox/vk/id.avi',608684,'{\"owner\": \"Maryam Flatley\"}','1993-01-03 17:30:46','2020-05-02 19:58:18'),(78,2,31,'https://dropbox/vk/adipisci.png',309308,'{\"owner\": \"Reece Ratke\"}','1994-09-02 21:18:48','2020-05-02 19:58:18'),(79,2,6,'https://dropbox/vk/ipsam.mprg',681026,'{\"owner\": \"Nina Turner\"}','2012-01-12 03:21:31','2020-05-02 19:58:18'),(80,2,36,'https://dropbox/vk/fugit.png',309474,'{\"owner\": \"Anjali Morar\"}','2009-07-10 15:22:34','2020-05-02 19:58:18'),(81,1,62,'https://dropbox/vk/quia.mprg',9234905,'{\"owner\": \"Althea Langosh\"}','1987-08-13 20:43:50','2020-05-02 19:58:18'),(82,2,100,'https://dropbox/vk/tempora.avi',695043,'{\"owner\": \"Hosea Goldner\"}','2018-11-15 04:36:31','2020-05-02 19:58:17'),(83,2,14,'https://dropbox/vk/incidunt.png',9507454,'{\"owner\": \"Sydnie Mueller\"}','2001-11-15 11:07:32','2020-05-02 19:58:18'),(84,3,68,'https://dropbox/vk/in.png',5105,'{\"owner\": \"Kenyatta Mraz\"}','1973-07-29 05:38:50','2020-05-02 19:58:18'),(85,2,98,'https://dropbox/vk/tempora.png',536795,'{\"owner\": \"Elmira Glover\"}','1992-11-06 14:16:10','2020-05-02 19:58:18'),(86,2,87,'https://dropbox/vk/enim.avi',76349,'{\"owner\": \"Araceli Kessler\"}','1999-07-18 20:17:29','2020-05-02 19:58:18'),(87,3,39,'https://dropbox/vk/quae.avi',17142,'{\"owner\": \"Grover Hauck\"}','1986-08-16 06:49:04','2020-05-02 19:58:18'),(88,2,33,'https://dropbox/vk/ea.avi',501474,'{\"owner\": \"Kobe Legros\"}','1991-06-22 04:08:50','2020-05-02 19:58:18'),(89,1,48,'https://dropbox/vk/ea.mprg',9828926,'{\"owner\": \"Mabel Schimmel\"}','2006-10-24 14:23:49','2020-05-02 19:58:18'),(90,1,39,'https://dropbox/vk/adipisci.mprg',588848,'{\"owner\": \"Grover Hauck\"}','1990-08-22 12:14:33','2020-05-02 19:58:18'),(91,1,52,'https://dropbox/vk/voluptatem.mprg',7802,'{\"owner\": \"Albina Hettinger\"}','1991-02-28 15:07:11','2020-05-02 19:58:18'),(92,1,42,'https://dropbox/vk/asperiores.avi',3741865,'{\"owner\": \"Eulalia Hane\"}','1982-09-19 23:57:37','2020-05-02 19:58:18'),(93,3,54,'https://dropbox/vk/ut.avi',182638,'{\"owner\": \"Nettie Stehr\"}','2016-05-24 17:01:51','2020-05-02 19:58:18'),(94,1,43,'https://dropbox/vk/sit.png',33597,'{\"owner\": \"Adaline Gorczany\"}','1975-11-15 01:18:18','2020-05-02 19:58:18'),(95,2,53,'https://dropbox/vk/reiciendis.mprg',323854,'{\"owner\": \"Erling Lynch\"}','1972-03-19 10:49:03','2020-05-02 19:58:18'),(96,2,36,'https://dropbox/vk/facere.jpeg',842726,'{\"owner\": \"Anjali Morar\"}','2007-05-06 03:17:29','2020-05-02 19:58:18'),(97,1,21,'https://dropbox/vk/quia.png',232069,'{\"owner\": \"Kaleb Konopelski\"}','1974-08-04 18:19:48','2020-05-02 19:58:18'),(98,2,94,'https://dropbox/vk/saepe.png',523939,'{\"owner\": \"Arlo Frami\"}','2008-09-09 10:26:28','2020-05-02 19:58:18'),(99,1,9,'https://dropbox/vk/dolorum.jpeg',69583,'{\"owner\": \"Myah Kerluke\"}','1990-08-19 22:38:05','2020-05-02 19:58:18'),(100,3,61,'https://dropbox/vk/quam.png',7949133,'{\"owner\": \"Mariah Bruen\"}','1993-05-05 02:29:30','2020-05-02 19:58:18');
/*!40000 ALTER TABLE `media` ENABLE KEYS */;
UNLOCK TABLES;

--
-- Table structure for table `media_types`
--

DROP TABLE IF EXISTS `media_types`;
/*!40101 SET @saved_cs_client     = @@character_set_client */;
/*!50503 SET character_set_client = utf8mb4 */;
CREATE TABLE `media_types` (
  `id` int unsigned NOT NULL AUTO_INCREMENT,
  `name` varchar(255) CHARACTER SET utf8 COLLATE utf8_unicode_ci NOT NULL,
  PRIMARY KEY (`id`),
  UNIQUE KEY `name` (`name`)
) ENGINE=InnoDB AUTO_INCREMENT=4 DEFAULT CHARSET=utf8 COLLATE=utf8_unicode_ci;
/*!40101 SET character_set_client = @saved_cs_client */;

--
-- Dumping data for table `media_types`
--

LOCK TABLES `media_types` WRITE;
/*!40000 ALTER TABLE `media_types` DISABLE KEYS */;
INSERT INTO `media_types` VALUES (3,'audio'),(1,'photo'),(2,'video');
/*!40000 ALTER TABLE `media_types` ENABLE KEYS */;
UNLOCK TABLES;

--
-- Table structure for table `messages`
--

DROP TABLE IF EXISTS `messages`;
/*!40101 SET @saved_cs_client     = @@character_set_client */;
/*!50503 SET character_set_client = utf8mb4 */;
CREATE TABLE `messages` (
  `id` int unsigned NOT NULL AUTO_INCREMENT,
  `from_user_id` int unsigned NOT NULL,
  `to_user_id` int unsigned NOT NULL,
  `community_id` int unsigned NOT NULL,
  `body` text CHARACTER SET utf8 COLLATE utf8_unicode_ci NOT NULL,
  `is_important` tinyint(1) DEFAULT NULL,
  `is_delivered` tinyint(1) DEFAULT NULL,
  `created_at` datetime DEFAULT CURRENT_TIMESTAMP,
  PRIMARY KEY (`id`)
) ENGINE=InnoDB AUTO_INCREMENT=101 DEFAULT CHARSET=utf8 COLLATE=utf8_unicode_ci;
/*!40101 SET character_set_client = @saved_cs_client */;

--
-- Dumping data for table `messages`
--

LOCK TABLES `messages` WRITE;
/*!40000 ALTER TABLE `messages` DISABLE KEYS */;
INSERT INTO `messages` VALUES (1,47,91,12,'Id aut porro ut et. Reprehenderit voluptatibus dicta et voluptatem sit mollitia optio commodi. Doloremque est sequi dolorem sit sed.',1,0,'2007-10-08 18:01:30'),(2,88,102,5,'Eveniet illum modi repellendus quae corporis voluptas. Commodi omnis quia vitae est ex. In eveniet porro at maxime. Ut quis ipsa animi est natus quam. Praesentium magnam consectetur enim dolores eligendi error ipsum.',0,0,'1973-06-10 19:10:21'),(3,130,107,15,'Et aperiam praesentium illo. Ex veritatis praesentium modi natus et dicta consequuntur. Animi voluptatem aperiam est.',0,1,'1983-11-28 02:02:15'),(4,197,155,19,'Consequatur quibusdam suscipit sunt magnam dolore. Et dolorum perferendis voluptas debitis ut qui perferendis dolor. Odio corporis odit quidem molestiae sunt autem quibusdam a. Aut fuga quo repellendus est nulla voluptatem.',0,0,'1977-09-02 20:36:15'),(5,42,64,20,'Cum in quaerat temporibus ab consequuntur. Eum tempore perferendis numquam.',0,1,'2007-08-25 00:04:43'),(6,182,123,7,'Ipsa qui exercitationem quia provident ea quia. Qui doloribus id autem possimus reiciendis. Sed fugit autem itaque dolorem voluptas quisquam. Enim quaerat qui explicabo.',0,1,'2012-06-21 10:59:31'),(7,174,64,20,'Omnis tempora repellendus ducimus et accusamus. Sit quia sapiente aut cumque. Rerum voluptatem ut doloremque et eveniet unde et. Pariatur quisquam molestias pariatur doloremque.',1,0,'1986-01-11 12:50:11'),(8,199,1,1,'Nihil sint dolores et voluptate quam ratione dolorem. Nam expedita natus ex nihil ab qui occaecati. Autem illo illo dolores dolorem error molestiae. Quis neque voluptatem qui accusamus tempora.',0,0,'1994-10-23 10:54:53'),(9,22,96,2,'Voluptatum sunt debitis animi. Modi cumque maxime iure natus autem. Et non ut alias aut qui est molestiae.',1,0,'1974-11-05 12:13:39'),(10,176,40,8,'Nihil fugiat velit eos non. Iste voluptas deleniti accusamus non velit. Minus omnis blanditiis et aliquam perspiciatis nam.',1,0,'1984-07-02 17:39:47'),(11,44,2,8,'Voluptatibus est est vitae fugiat. Voluptas excepturi ducimus iusto qui ut ea. Omnis ut illo sit iusto ab dignissimos. Et consectetur quibusdam quo ipsa qui. Voluptas error quo sint perferendis aut a totam.',1,0,'2016-05-28 05:29:16'),(12,183,81,6,'Quasi suscipit rerum eius aut maiores provident quia. Maxime aliquid impedit doloremque et ut id quos sint. Voluptas a consequuntur odio eveniet vero.',0,0,'2002-01-20 07:00:28'),(13,31,188,5,'Iste eius provident provident ut in assumenda dolore odio. Harum autem incidunt et dolor. Illo quis at odit voluptatem cum. Nesciunt vel distinctio voluptas id adipisci soluta aut.',0,0,'2003-01-22 17:23:25'),(14,69,4,2,'Nostrum quam ducimus quas quod. Qui voluptas doloremque vero omnis error autem reiciendis. Et ipsum laudantium hic nesciunt.',1,0,'1985-09-08 20:00:33'),(15,54,31,19,'Voluptates sit sapiente aliquam distinctio voluptatem in culpa. Minus illo consequatur neque impedit illo est velit. Hic fugit pariatur exercitationem rerum occaecati.',0,1,'2000-03-24 00:26:35'),(16,57,114,20,'Sequi quo sequi nihil dolores repellat voluptas ex. Tempora ab dolore ipsa totam sed. Aut deserunt eaque aut unde.',1,1,'2019-06-29 19:45:25'),(17,48,47,9,'In ipsam sed veniam accusamus soluta enim eligendi. Est dolor qui qui excepturi perspiciatis enim ut. Perferendis reiciendis omnis accusantium eligendi nihil sint vero. Delectus molestiae et vel necessitatibus reprehenderit ipsum.',0,1,'2004-12-29 16:15:49'),(18,108,70,3,'Officia eius veritatis et voluptatem tempore ipsa. Dolore et vel pariatur optio ipsa. Aut quo facilis illum corrupti veniam odio nihil. Autem beatae at reprehenderit minima optio ut.',0,1,'1988-02-16 00:06:26'),(19,110,76,6,'Est odio culpa nostrum non. Magni minima ut placeat qui et praesentium. Blanditiis nesciunt aliquam aut et qui ut dicta. Architecto rerum qui qui ea soluta vitae.',0,0,'2017-01-13 18:55:27'),(20,26,178,2,'Omnis dignissimos asperiores omnis. Neque quasi nisi voluptas laudantium fuga voluptas.',0,1,'1992-05-10 04:45:55'),(21,123,180,14,'Corporis magnam dolorem et et voluptates mollitia et possimus. Voluptatibus earum modi aut soluta eos. Beatae non consequatur eligendi quibusdam veritatis quia nam quia.',1,0,'1971-01-31 06:19:43'),(22,116,187,19,'Sunt fugiat non ullam eos. Facere dignissimos aperiam officia velit aspernatur voluptas velit. Incidunt et tempore accusantium dignissimos beatae.',1,0,'1972-05-05 01:08:25'),(23,167,77,9,'Possimus est in voluptatem ullam suscipit rem occaecati. Quia omnis autem ratione omnis. Iste qui saepe quaerat corrupti. Porro aliquam atque voluptatem.',0,1,'2011-11-30 02:02:22'),(24,185,75,2,'Quibusdam libero et quas earum et ipsam molestiae. Sint nesciunt autem eos unde mollitia quod sit. Non asperiores accusamus ut nisi alias.',1,0,'2003-02-28 09:11:28'),(25,73,104,11,'Atque delectus quos ducimus adipisci numquam vel sit. Voluptate consequatur exercitationem rerum ea. Dolores cupiditate quasi similique provident. Iure praesentium occaecati aliquam totam vel dolore laudantium ullam.',1,1,'1975-01-15 11:59:57'),(26,197,80,1,'Veritatis exercitationem labore ut aut minima qui voluptatum. Sit nihil architecto suscipit iure repudiandae consequatur necessitatibus. Ut accusamus amet error culpa iure occaecati.',1,0,'2018-03-29 02:18:28'),(27,2,181,11,'Aut necessitatibus neque repellendus aliquam quis qui. Quisquam eius quos vero ipsum quia corporis. Ducimus tempora fugiat fugiat sapiente vel est rerum. Molestiae adipisci quis sint ut est quia.',0,1,'1976-07-18 05:32:52'),(28,165,118,10,'Tempore eligendi deleniti tempora enim sed repellendus. Fuga doloribus et totam odit. Aut quia velit perspiciatis veniam. Repudiandae maiores ut quia. Qui soluta laboriosam error aut quia nihil vitae beatae.',0,1,'2011-04-16 21:25:52'),(29,123,129,8,'Perspiciatis repellat temporibus neque cumque cum maiores inventore. Voluptas suscipit enim ducimus ipsum possimus voluptas fuga laborum. Enim ullam et iste ducimus reiciendis consequatur.',1,0,'1977-08-01 02:52:50'),(30,188,114,1,'Quia aliquam voluptatum maiores ex maxime. Vel mollitia ea adipisci cupiditate enim. Molestiae qui molestiae molestiae consequatur praesentium cumque dolore iste.',0,0,'1984-07-17 12:06:37'),(31,80,186,9,'Blanditiis dolorum voluptate labore aut eligendi. Rerum inventore laudantium error sequi similique mollitia exercitationem. Dicta esse rerum numquam eligendi voluptatibus velit voluptas repellendus.',0,0,'1975-08-23 13:46:17'),(32,88,171,20,'Reprehenderit voluptate est adipisci aut voluptatem modi voluptatem ut. Et enim odit sit ut aut. Quis quibusdam odit voluptate dolores sapiente cupiditate facilis.',1,0,'1971-12-13 04:11:39'),(33,40,25,1,'Placeat consequatur dolorem nam aperiam. Consectetur ut iusto deserunt quis voluptates odio. Nemo recusandae magnam ratione facere dolorem ab. Qui odit nihil et inventore sed.',0,0,'1990-04-17 17:45:40'),(34,165,198,10,'In nemo tenetur consequuntur qui ea molestias. Aperiam rem facilis odio et rerum omnis voluptates. Praesentium et quis ratione mollitia odit. Et nemo mollitia dolorum ab et inventore officiis.',1,1,'1998-01-17 07:36:05'),(35,77,100,8,'Ut ut vitae itaque aspernatur corrupti. Nisi porro molestiae dicta voluptatem aut.',1,1,'1989-08-19 16:47:18'),(36,52,49,9,'Fugiat et ullam et cupiditate eaque magni nisi. Dolore omnis ut et aut nostrum nisi ullam. Architecto omnis neque ut nemo adipisci sit.',0,0,'2000-02-21 07:03:27'),(37,85,165,17,'Esse impedit aut est alias in sapiente. Debitis consequatur dolorem in error maiores unde. Asperiores quis tempore quia placeat omnis minus. Non deleniti laudantium ab omnis ratione magni aut.',1,1,'1971-06-09 16:00:43'),(38,150,41,16,'Est et non voluptatum quas neque consectetur. Consequuntur rem incidunt eveniet consequatur explicabo. Quia alias minus neque a.',1,0,'1985-04-10 20:50:05'),(39,63,40,2,'Quia magnam cum quia illo sunt. Pariatur enim vitae et. Dolores assumenda dolorem exercitationem optio repellat.',1,1,'2014-01-20 01:55:29'),(40,137,50,5,'Quod rerum voluptates eum ea et voluptatibus incidunt qui. Doloremque aperiam excepturi placeat amet fuga sint. Sunt odit pariatur soluta quidem.',0,0,'1982-10-02 14:50:38'),(41,51,133,12,'Nobis id labore tempore sed est. Facere hic perferendis ut eum. Odio quasi sapiente ducimus in alias magni et dolorem.',0,1,'1993-11-20 16:30:47'),(42,164,82,12,'Ipsam suscipit autem nihil aut. Voluptates id beatae aliquid dicta similique ut consequatur. Quo doloremque repellendus qui porro eaque sint.',0,1,'2017-05-26 02:12:32'),(43,137,132,6,'Autem eveniet sed tempore et voluptates harum fugiat. Laborum dignissimos commodi maiores. A eos doloribus ab numquam.',0,0,'2014-01-31 15:05:37'),(44,58,138,12,'Officiis qui vel voluptas dolor. Est eligendi non sint minus veritatis ducimus. Reprehenderit magnam cupiditate id et.',0,0,'1988-03-19 16:11:49'),(45,150,9,20,'Hic sit et nisi. Corporis tenetur corporis occaecati omnis. Voluptatem ipsa rerum odio repudiandae explicabo est exercitationem. Dolor tempora ut sed aut eligendi accusamus qui.',1,1,'2002-12-02 12:16:04'),(46,163,18,1,'Harum dolor officiis molestias voluptatem qui molestias. Corrupti in placeat accusamus dolorum architecto. Saepe nesciunt quidem voluptate quibusdam qui cum sint. Dolore ut sit harum magni iusto reiciendis autem ut.',1,1,'1995-01-11 13:58:57'),(47,152,157,13,'Adipisci recusandae et tempore voluptates qui ut. Voluptas non quia id excepturi occaecati facere quo. Doloribus optio praesentium enim mollitia qui esse.',0,0,'2015-08-05 05:34:34'),(48,173,77,7,'Facere laudantium eum quis eveniet autem. Reiciendis praesentium sed excepturi ut iste aut non. Animi maxime est nesciunt ea dolores cumque. Voluptate corporis necessitatibus sapiente beatae rerum corporis ipsam non.',0,0,'1989-05-24 01:40:09'),(49,105,124,11,'Placeat reiciendis voluptatem tenetur reiciendis ducimus aut eius. Voluptatem similique accusamus quidem et.',1,0,'1996-05-03 02:01:08'),(50,138,184,11,'Voluptatem soluta ratione quia architecto. Debitis voluptatem repudiandae tempora id molestiae est. Deserunt culpa labore sit aut. Enim sit et repudiandae eos.',0,1,'2003-07-17 02:10:25'),(51,179,173,13,'Sequi eius nihil nostrum voluptate. Incidunt aut tempore temporibus quis occaecati laborum quo. Similique ipsa aperiam veniam dicta. Modi vel expedita voluptas recusandae impedit nobis.',0,0,'2019-03-18 06:30:49'),(52,126,44,4,'Qui ut omnis corporis quis aut quis ea. Quia magni perspiciatis omnis culpa est rerum. Cupiditate saepe dolore placeat sit nemo.',1,0,'1975-01-27 05:50:42'),(53,69,23,11,'Sit architecto consequatur enim fuga iure. Blanditiis libero dolor nihil.',0,1,'1972-07-15 19:47:07'),(54,77,55,5,'Dolorem quia suscipit corrupti maxime dicta. Perferendis voluptates eos voluptas quis. Rerum laboriosam sequi deserunt error quos.',0,1,'1972-12-02 11:35:03'),(55,47,110,1,'Commodi cum molestias tempora consectetur. Velit nemo aut maiores et sunt explicabo. Labore assumenda debitis temporibus harum molestiae aliquid.',0,0,'2011-01-24 19:20:00'),(56,101,86,13,'Aut sit voluptatibus inventore beatae veritatis neque eos. Dolores fugiat dolores ipsa error dolor aut. Repudiandae quis dicta eius non.',1,1,'1980-01-30 05:51:49'),(57,182,123,8,'Iusto voluptas a doloribus quia eum. Sit sunt maxime voluptates rerum. Officiis magni ad rerum laboriosam mollitia omnis officiis quia.',0,0,'1991-07-27 05:42:48'),(58,184,105,18,'Ducimus assumenda facilis ab ea illum. Expedita cumque quos aperiam tempore dolorem. Vero dignissimos est est voluptatem sapiente consequatur consequuntur esse. Aut et in quia est ipsum rerum.',1,0,'1977-04-03 08:48:59'),(59,154,46,18,'Ullam aut dolorem vel ea inventore modi rerum. Ab similique rerum aut et repellat. Ea eos architecto modi dolorem quos.',0,1,'1988-03-04 17:52:53'),(60,113,52,13,'Cupiditate voluptatem impedit nemo. Sequi deleniti quaerat nostrum aut sit laudantium. Harum qui quia non quod. Quae rerum minus itaque rerum debitis.',0,0,'1977-05-02 16:43:50'),(61,57,115,1,'Sed tempore recusandae explicabo harum quia delectus. Exercitationem voluptatem labore sit et at voluptatibus harum dicta. Omnis aspernatur dignissimos praesentium rem. Facere et aut fugit expedita nisi. Aut vitae dignissimos ad non consequuntur.',1,1,'1990-01-04 10:37:53'),(62,67,129,5,'Et ut expedita vel odio. Excepturi a corporis fugiat harum laboriosam. Ratione eaque omnis architecto ut beatae temporibus.',0,0,'1979-06-21 06:28:10'),(63,17,165,17,'Esse commodi officia tempora et sapiente qui. Iste molestias fugiat pariatur temporibus aspernatur quo quidem iusto. Necessitatibus harum est delectus velit.',0,1,'1970-03-30 08:34:33'),(64,155,67,7,'Enim est quia quasi dolores qui cupiditate. Recusandae facere voluptas molestiae fugiat. Magnam occaecati illum quas unde mollitia aut.',1,1,'1990-03-07 19:58:26'),(65,134,70,15,'Aut maiores aliquid voluptas optio. Sed aut aspernatur dolor et nesciunt sed. Et consequatur quisquam impedit corporis illo. Qui aliquid nulla sapiente maiores.',0,0,'1996-05-16 16:28:40'),(66,116,144,18,'Similique aperiam mollitia alias amet iusto nobis. Autem ipsa earum omnis totam suscipit tenetur. Ipsa delectus cumque molestiae veniam omnis vel qui.',1,0,'1970-02-13 09:01:11'),(67,27,21,2,'Distinctio molestias id soluta eos. Quam dolores architecto optio. Itaque delectus temporibus tenetur vero laborum veniam est ratione. Quia inventore qui inventore repellat.',0,1,'2009-10-05 08:51:15'),(68,39,132,15,'Reprehenderit voluptatem et suscipit aut magnam quo ut. Est dolor consectetur possimus. Dolor et animi reprehenderit quam nobis.',1,0,'2003-06-30 06:33:46'),(69,118,160,5,'Id exercitationem nihil similique eum illum atque. Enim quia voluptatem ut labore voluptatum et. Et aut et soluta possimus voluptas deleniti soluta.',1,1,'1996-01-04 18:19:29'),(70,142,178,7,'Dolor quas aliquam repudiandae veritatis. Sit est iusto facere aperiam eum ut. Nihil neque sit aliquam atque et ipsam. Ipsa corporis necessitatibus quisquam dolor cum.',1,1,'2014-12-24 09:29:02'),(71,178,102,18,'Voluptates dolorem aut maxime nam a velit suscipit aut. Natus esse recusandae quas ea quibusdam ut. Ea ex officia labore dolores et sint totam sit.',1,0,'2016-09-16 21:00:09'),(72,165,101,1,'Voluptatem quod dolores eligendi et dolor voluptatum deserunt est. Qui voluptates pariatur deserunt. Quam nihil qui quidem sed nobis earum quia. Iusto expedita eaque pariatur voluptatem sed fugiat blanditiis qui. Qui neque eos non sint molestias magni eaque.',1,1,'2009-06-09 08:02:05'),(73,143,86,1,'Distinctio suscipit voluptatibus quia tempora. Ab sed eligendi ipsum rerum dolorem. Dolorum quia praesentium magnam placeat odio culpa cupiditate.',0,1,'1994-05-23 01:37:26'),(74,146,125,19,'Et unde et nihil voluptatem. In voluptas et officia sunt.',1,1,'1977-01-05 09:53:40'),(75,165,62,2,'Dolores et voluptas dignissimos ut tenetur sed sed. Dolore voluptas possimus voluptate voluptas vel explicabo non. Ut soluta nam et velit et cum eos. Exercitationem quia saepe asperiores sequi. Aut autem ipsa asperiores quo numquam.',0,0,'2006-12-17 13:12:21'),(76,77,147,11,'Repudiandae sit repellat occaecati. Libero est tempora blanditiis quia laboriosam harum totam. Quos velit sunt dicta cum. Autem sunt odit velit rem et. Repellendus tempore vel accusamus id assumenda ab.',0,1,'1979-11-13 15:00:02'),(77,78,75,15,'In asperiores sapiente est rerum. Harum et est veniam repudiandae non commodi et qui. Esse quam aspernatur eligendi quia.',0,1,'1985-07-20 13:27:37'),(78,92,29,7,'Sed repellat animi quae libero voluptates quod. Doloremque nam debitis nulla necessitatibus illum necessitatibus laboriosam. Temporibus odit occaecati et rem. Non rerum vero ex. Perspiciatis fugit asperiores pariatur perspiciatis consectetur.',0,0,'1972-05-29 06:19:20'),(79,57,78,2,'Quae vitae occaecati ut occaecati magnam modi consequatur. Laudantium quod ratione velit distinctio at ut. Soluta architecto est repudiandae nisi. Quia ratione facere nihil voluptas.',1,0,'1995-11-02 06:48:58'),(80,51,5,7,'Sit temporibus magni quasi aut eos non enim. Eveniet nostrum praesentium voluptatem est ipsum tenetur consequuntur aliquid. Omnis dolor architecto incidunt aut delectus sint.',1,0,'1979-02-27 03:55:35'),(81,136,68,14,'Ullam dolore placeat atque qui. Saepe illum est voluptas mollitia. Maiores veritatis id placeat officia rerum voluptatem sed. Perferendis fuga magni assumenda.',0,0,'1973-07-07 19:39:00'),(82,60,100,12,'Iusto voluptatibus quia at omnis temporibus et temporibus culpa. Voluptas nihil ipsa occaecati sint eveniet consectetur. Expedita velit et facilis est rerum molestias.',0,0,'2019-05-16 00:41:27'),(83,97,124,14,'Molestiae atque at fugit iusto quisquam voluptatibus fugit. Ea autem molestias ex.',0,1,'1983-07-20 23:39:01'),(84,80,9,1,'Dolorum corrupti aliquam sunt asperiores dolores sed. Quod illo sed tenetur optio quae et. Accusantium sed ullam dignissimos voluptas itaque veritatis fuga laborum. Amet minus eos dolor sed recusandae aut et. Facilis quidem iste nam incidunt beatae.',1,0,'2018-12-06 09:04:37'),(85,189,133,10,'Perspiciatis delectus occaecati deleniti nobis dolor eum ea in. Voluptas quia id aspernatur odio nisi est dolore. Et molestiae ullam animi reiciendis sunt laudantium facere. Rerum a pariatur quaerat laborum distinctio incidunt.',1,1,'2006-08-11 13:11:40'),(86,97,187,5,'Veritatis fuga nesciunt voluptatem quis veritatis in sunt consequatur. Est ad enim fuga illum et. Dolorem numquam est hic alias.',1,0,'1995-12-24 07:13:58'),(87,63,177,10,'Quod perferendis voluptas commodi officiis aut est sint. Maxime adipisci veritatis reiciendis qui sed suscipit accusantium. Asperiores id assumenda quod.',0,1,'2014-08-21 10:35:30'),(88,155,81,14,'Eum laudantium nemo quae quam dolores omnis voluptas. Exercitationem et qui repudiandae natus voluptatem molestiae voluptatem. Pariatur alias exercitationem molestias consequatur numquam perspiciatis et.',1,1,'2012-06-19 09:12:15'),(89,58,67,17,'Nesciunt enim eaque quis magni aut facere veritatis ut. Et suscipit voluptas eum ad autem fuga ut. Consequatur animi animi in nostrum aspernatur. Facere iusto ut eaque quia voluptatem.',0,0,'1999-03-29 22:35:34'),(90,7,151,14,'Qui aperiam tempora molestiae rerum. Ex qui ratione doloribus quis cupiditate ratione maxime dolore. Dolores est magnam magnam incidunt fugiat. Culpa laudantium nam vero voluptatem.',0,1,'1978-06-06 09:11:22'),(91,2,19,9,'Sit autem voluptatibus minima. Eos ut porro ut et. At voluptas dolorum laudantium quas officiis.',1,0,'1970-10-13 01:43:38'),(92,173,5,11,'Autem repudiandae blanditiis asperiores repellendus magnam. Ut recusandae omnis ipsum voluptate vitae voluptas minima. Laborum earum exercitationem voluptatem quidem.',0,1,'1999-01-25 22:03:38'),(93,119,75,2,'Non labore sequi commodi sint doloribus eum. In molestiae in assumenda. Culpa at tempore consequuntur odio explicabo.',0,1,'2004-04-06 20:21:00'),(94,64,66,14,'Nam necessitatibus odit beatae recusandae ut repellendus praesentium necessitatibus. Recusandae tempora et quia dolorem sunt. Repudiandae tempore fuga nesciunt laudantium deleniti. Sed alias labore aut cupiditate saepe nesciunt. Rem suscipit adipisci minima id voluptatibus quaerat qui.',0,0,'2004-01-18 15:08:08'),(95,89,30,9,'Non est ut amet iste sed tenetur aliquid corporis. Reprehenderit ut in facere molestiae eveniet. Necessitatibus voluptatem neque nulla asperiores illo ipsum nulla. Velit nesciunt ad in impedit.',0,0,'1970-10-07 14:57:37'),(96,125,176,11,'Ut cupiditate aut perferendis voluptas officia possimus tempore. Ipsa voluptatem in vero vitae quod quasi voluptatem. Laudantium aperiam enim natus facilis.',0,1,'1976-09-27 11:39:30'),(97,189,35,1,'Distinctio mollitia veritatis quam rerum qui sint in consequuntur. Quod veniam est enim aut voluptas cum. Dolor illo libero cupiditate autem. Sit vel harum voluptatem aliquid ex distinctio.',1,1,'2018-09-21 00:22:13'),(98,122,193,20,'Inventore omnis qui nisi ut quos. Eos ratione quis autem sint. Cupiditate reiciendis et illo eos qui explicabo dignissimos optio. Omnis sed voluptas rerum ratione.',0,1,'2012-11-23 21:12:12'),(99,21,104,6,'Iure asperiores sit nisi. Autem rerum veritatis nihil.',0,1,'2001-07-22 07:21:34'),(100,177,108,2,'Corrupti ea quia ducimus deserunt possimus. Quae provident commodi voluptate voluptates odit ipsam. Aspernatur quisquam omnis omnis optio.',0,0,'2008-11-28 08:31:00');
/*!40000 ALTER TABLE `messages` ENABLE KEYS */;
UNLOCK TABLES;

--
-- Table structure for table `profiles`
--

DROP TABLE IF EXISTS `profiles`;
/*!40101 SET @saved_cs_client     = @@character_set_client */;
/*!50503 SET character_set_client = utf8mb4 */;
CREATE TABLE `profiles` (
  `user_id` int unsigned NOT NULL,
  `gender` char(1) CHARACTER SET utf8 COLLATE utf8_unicode_ci NOT NULL,
  `birthday` date DEFAULT NULL,
  `city` varchar(100) CHARACTER SET utf8 COLLATE utf8_unicode_ci DEFAULT NULL,
  `country` varchar(100) CHARACTER SET utf8 COLLATE utf8_unicode_ci DEFAULT NULL,
  `photo_id` int unsigned DEFAULT NULL,
  PRIMARY KEY (`user_id`)
) ENGINE=InnoDB DEFAULT CHARSET=utf8 COLLATE=utf8_unicode_ci;
/*!40101 SET character_set_client = @saved_cs_client */;

--
-- Dumping data for table `profiles`
--

LOCK TABLES `profiles` WRITE;
/*!40000 ALTER TABLE `profiles` DISABLE KEYS */;
INSERT INTO `profiles` VALUES (1,'m','2014-11-08','South Alfonzoland','Antarctica (the territory South of 60 deg S)',NULL),(2,'f','1990-10-19','Cruickshankport','France',NULL),(3,'f','2000-07-31','East Kaceyport','Cocos (Keeling) Islands',NULL),(4,'f','1998-01-06','New Libbie','Timor-Leste',NULL),(5,'m','2008-11-10','Port Estevan','New Zealand',NULL),(6,'m','2010-01-20','North Jana','French Polynesia',NULL),(7,'f','1993-03-24','North Ruthview','Morocco',NULL),(8,'m','2019-02-26','Port Freeda','Uganda',NULL),(9,'m','2007-05-04','Bruceland','San Marino',NULL),(10,'f','1996-02-16','Kayceeview','Turkey',NULL),(11,'f','2008-12-30','Linaview','Guatemala',NULL),(12,'f','2011-09-21','New Cleoview','United Arab Emirates',NULL),(13,'m','2002-07-12','Larkinhaven','Antarctica (the territory South of 60 deg S)',NULL),(14,'m','1985-09-23','North Kelvinstad','Nigeria',NULL),(15,'f','1975-12-18','Greggton','Saint Vincent and the Grenadines',NULL),(16,'m','2017-03-01','Brentfort','Bulgaria',NULL),(17,'f','1994-12-02','Haskellfurt','Slovakia (Slovak Republic)',NULL),(18,'m','1978-06-09','Elianefort','Tonga',NULL),(19,'f','2019-10-27','Port Loisberg','French Polynesia',NULL),(20,'f','1985-11-27','Port Sisterland','Korea',NULL),(21,'f','2002-10-26','Wainofort','Honduras',NULL),(22,'m','1977-10-02','Michelside','Russian Federation',NULL),(23,'m','1972-11-03','South Breanashire','Andorra',NULL),(24,'f','2002-11-26','Bartonhaven','Tonga',NULL),(25,'m','1984-03-14','Leonieborough','Brazil',NULL),(26,'f','2011-04-10','Prosaccobury','Afghanistan',NULL),(27,'f','1973-05-11','Justusbury','Papua New Guinea',NULL),(28,'f','1983-04-23','South Kayley','Cameroon',NULL),(29,'f','1989-08-07','Balistreriport','Korea',NULL),(30,'f','2015-10-16','Lake Chester','Antarctica (the territory South of 60 deg S)',NULL),(31,'f','1971-12-03','Vivianbury','Niger',NULL),(32,'f','1982-10-29','Rosemarieside','Equatorial Guinea',NULL),(33,'m','1973-05-28','Priceview','Martinique',NULL),(34,'f','1977-05-28','South Jacklynstad','Falkland Islands (Malvinas)',NULL),(35,'f','1974-05-17','Bradtkefurt','Egypt',NULL),(36,'f','1975-07-06','Doylemouth','Trinidad and Tobago',NULL),(37,'f','1985-05-21','Lewishaven','Indonesia',NULL),(38,'f','1998-10-12','Gerdaburgh','British Virgin Islands',NULL),(39,'f','2008-01-21','Port Rhettview','Belgium',NULL),(40,'f','1983-01-14','Hettingerhaven','Anguilla',NULL),(41,'m','2001-10-02','Murphyport','Netherlands Antilles',NULL),(42,'f','1981-07-21','Elinorborough','Moldova',NULL),(43,'f','2020-04-16','West Antonia','Congo',NULL),(44,'f','1993-09-18','North Carlo','Cape Verde',NULL),(45,'m','2009-02-07','Wisokyburgh','Monaco',NULL),(46,'f','1975-10-26','Kuhicbury','Burundi',NULL),(47,'m','1989-05-01','Haagchester','Mozambique',NULL),(48,'m','1974-06-19','New Brittany','Switzerland',NULL),(49,'f','2016-06-27','North Christfort','Kiribati',NULL),(50,'m','1985-03-22','Collinsville','Mauritania',NULL),(51,'f','1972-09-22','South Americo','Ghana',NULL),(52,'m','1985-12-02','Monserratborough','France',NULL),(53,'f','2008-07-07','New Brockmouth','Oman',NULL),(54,'f','1997-01-25','Ferryport','Togo',NULL),(55,'m','1976-05-26','Hilllmouth','Somalia',NULL),(56,'f','1976-03-13','Lake Tateview','Ecuador',NULL),(57,'f','1982-11-15','Calebbury','Hungary',NULL),(58,'m','1993-07-20','East Timmyburgh','Russian Federation',NULL),(59,'f','1998-06-19','Lake Berylville','Vietnam',NULL),(60,'m','2013-08-07','McLaughlintown','Nicaragua',NULL),(61,'m','1983-08-05','Kelsiehaven','Turkmenistan',NULL),(62,'m','1996-06-25','Novafort','Antarctica (the territory South of 60 deg S)',NULL),(63,'m','2017-03-03','Haleytown','Thailand',NULL),(64,'m','1976-08-18','Lake Stephanybury','Nicaragua',NULL),(65,'f','2018-05-22','West Porter','Bulgaria',NULL),(66,'m','2004-10-03','New Alena','New Zealand',NULL),(67,'f','1977-08-10','Feliciachester','Bolivia',NULL),(68,'f','1982-07-01','Barrowstown','Seychelles',NULL),(69,'f','1997-01-07','Wilkinsonchester','Ireland',NULL),(70,'f','1989-06-25','West Imafort','Iran',NULL),(71,'f','1989-05-21','Allisonton','Mayotte',NULL),(72,'m','1977-01-19','Augustberg','Seychelles',NULL),(73,'m','1985-03-02','Haneborough','Nepal',NULL),(74,'m','2018-07-28','Lake Destin','Pitcairn Islands',NULL),(75,'m','2010-03-12','Lynchland','Liechtenstein',NULL),(76,'m','2016-06-16','Jessybury','Latvia',NULL),(77,'f','1972-05-23','Lake Alayna','Cayman Islands',NULL),(78,'f','2011-03-26','Flavioberg','Saint Martin',NULL),(79,'m','2011-07-08','Haneberg','South Africa',NULL),(80,'f','2019-12-07','Cliftonfurt','Bahamas',NULL),(81,'f','2008-05-13','West Marielle','Fiji',NULL),(82,'m','1993-10-28','East Marcelleton','Kazakhstan',NULL),(83,'f','1991-04-22','New Lois','Azerbaijan',NULL),(84,'m','1979-02-07','West Marvin','Costa Rica',NULL),(85,'f','1975-09-15','West Trishaview','Belarus',NULL),(86,'m','1976-03-11','Lake Gregg','Macao',NULL),(87,'f','1977-02-04','Lottieview','Gibraltar',NULL),(88,'m','1978-02-01','Eliezerview','Isle of Man',NULL),(89,'m','1999-02-10','Gisselleland','Netherlands',NULL),(90,'f','2016-04-03','New Rachel','United States Virgin Islands',NULL),(91,'f','1991-05-06','Dachshire','Guatemala',NULL),(92,'f','1983-03-05','North Elzaberg','Namibia',NULL),(93,'m','2002-02-08','East Myrahaven','Egypt',NULL),(94,'f','1987-04-07','Holliemouth','Zambia',NULL),(95,'f','2000-10-02','Lake Jaceland','Cote d\'Ivoire',NULL),(96,'f','2008-12-21','Port Violetville','Indonesia',NULL),(97,'m','1986-06-23','Christiansenville','Libyan Arab Jamahiriya',NULL),(98,'f','1973-08-30','North Brigitteland','San Marino',NULL),(99,'f','2015-02-26','West Darius','Liechtenstein',NULL),(100,'m','2013-11-23','Kareemmouth','Slovakia (Slovak Republic)',NULL);
/*!40000 ALTER TABLE `profiles` ENABLE KEYS */;
UNLOCK TABLES;

--
-- Table structure for table `users`
--

DROP TABLE IF EXISTS `users`;
/*!40101 SET @saved_cs_client     = @@character_set_client */;
/*!50503 SET character_set_client = utf8mb4 */;
CREATE TABLE `users` (
  `id` int unsigned NOT NULL AUTO_INCREMENT,
  `first_name` varchar(100) CHARACTER SET utf8 COLLATE utf8_unicode_ci NOT NULL,
  `last_name` varchar(100) CHARACTER SET utf8 COLLATE utf8_unicode_ci NOT NULL,
  `email` varchar(120) CHARACTER SET utf8 COLLATE utf8_unicode_ci NOT NULL,
  `phone` varchar(120) CHARACTER SET utf8 COLLATE utf8_unicode_ci NOT NULL,
  `created_at` datetime DEFAULT CURRENT_TIMESTAMP,
  `updated_at` datetime DEFAULT CURRENT_TIMESTAMP ON UPDATE CURRENT_TIMESTAMP,
  PRIMARY KEY (`id`),
  UNIQUE KEY `email` (`email`),
  UNIQUE KEY `phone` (`phone`)
) ENGINE=InnoDB AUTO_INCREMENT=101 DEFAULT CHARSET=utf8 COLLATE=utf8_unicode_ci;
/*!40101 SET character_set_client = @saved_cs_client */;

--
-- Dumping data for table `users`
--

LOCK TABLES `users` WRITE;
/*!40000 ALTER TABLE `users` DISABLE KEYS */;
INSERT INTO `users` VALUES (1,'Noble','Lowe','cecile97@example.net','1-634-492-8446','1989-07-30 18:40:37','2018-09-07 13:47:57'),(2,'Marvin','Grady','gflatley@example.net','1-024-788-6404x6820','1981-03-13 09:06:51','1987-02-07 11:17:03'),(3,'Jalon','Mayer','justice54@example.net','718.583.7190x39815','1993-06-10 13:47:43','1998-08-15 01:38:04'),(4,'Ronaldo','Sauer','carlos.zboncak@example.org','(911)824-5170x690','1980-08-30 21:42:49','1998-12-15 00:00:57'),(5,'Erica','Morar','owehner@example.net','650-217-3013x429','1986-05-22 22:08:33','2010-06-16 05:23:53'),(6,'Nina','Turner','stacy.crona@example.net','804.117.8661','2010-11-20 19:02:51','2020-05-02 19:35:01'),(7,'Assunta','Lowe','gschoen@example.net','(012)215-9162x8734','2003-05-30 12:25:47','2020-05-02 19:35:01'),(8,'Conor','Hane','olebsack@example.com','709-860-1844x13681','1996-05-07 18:47:28','2020-05-02 19:35:01'),(9,'Myah','Kerluke','dejuan88@example.com','01003003994','2015-04-29 16:58:25','2020-05-02 19:35:01'),(10,'Coty','Bergnaum','janessa.crooks@example.net','1-677-380-1528x471','1989-05-02 16:28:56','1999-03-11 21:28:28'),(11,'Ebba','O\'Hara','cmayer@example.org','08468220089','1974-01-24 11:08:10','1987-04-19 23:41:07'),(12,'Josie','Sporer','teresa31@example.com','+53(9)3823987441','1987-03-08 07:55:51','2017-04-20 03:38:48'),(13,'Lester','Jacobson','rudy.miller@example.net','(888)197-0943','2012-06-04 23:33:25','2020-05-02 19:35:01'),(14,'Sydnie','Mueller','providenci.dibbert@example.net','(798)009-6055x99680','1979-09-18 01:43:29','2014-04-11 01:38:55'),(15,'Blaze','Feil','itzel.brakus@example.com','135.967.9255','2019-11-27 20:59:31','2020-05-02 19:35:01'),(16,'Prince','Haley','ray.frami@example.org','+51(8)4609959045','2014-02-01 00:32:53','2020-05-02 19:35:01'),(17,'Garnett','Reynolds','emory.cummerata@example.com','660.800.5832','2002-07-21 02:38:01','2020-05-02 19:35:01'),(18,'Isidro','Schiller','garry.homenick@example.org','417.760.2973x59838','1977-01-16 01:17:30','2020-05-02 19:35:01'),(19,'Moises','Heller','sophie18@example.net','1-671-514-0593x816','2006-09-06 20:44:38','2020-05-02 19:35:01'),(20,'Robert','Kihn','hsatterfield@example.net','05735548595','2014-05-27 20:49:31','2020-05-02 19:35:01'),(21,'Kaleb','Konopelski','mkerluke@example.com','188.977.2906x90537','1994-09-22 04:22:30','2020-05-02 19:35:01'),(22,'Sydnie','Schoen','mervin.wintheiser@example.org','(261)052-7304x90850','1971-11-03 09:05:50','1977-09-28 06:26:24'),(23,'Elijah','McKenzie','mclaughlin.daron@example.com','057.477.4134x913','2020-02-12 17:56:00','2020-05-02 19:35:01'),(24,'Grady','Keebler','langworth.elmira@example.org','766-080-0675x79336','2004-12-13 09:36:03','2020-05-02 19:35:01'),(25,'Dave','Hirthe','mariano.gleason@example.com','003-771-1762x560','1976-10-18 16:18:55','2013-01-10 16:24:49'),(26,'Kari','Moen','doris93@example.net','992-037-3969x204','1997-02-28 13:37:09','2020-05-02 19:35:01'),(27,'Reed','Zieme','houston.bins@example.com','766.781.0207','2008-10-18 02:23:24','2020-05-02 19:35:01'),(28,'Zula','Stoltenberg','emmie68@example.net','289.604.3305','2020-01-03 17:48:35','2020-05-02 19:35:01'),(29,'Jeanette','Dickinson','hreichert@example.com','951.781.3473','2006-06-11 19:03:29','2020-05-02 19:35:01'),(30,'Lyric','Bernhard','kemmer.una@example.com','(014)460-7642x786','2005-05-30 10:02:22','2007-12-12 23:08:23'),(31,'Reece','Ratke','mo\'reilly@example.net','07639710098','2015-03-08 14:37:45','2020-05-02 19:35:01'),(32,'Jermey','Brown','arnulfo80@example.com','+49(8)1244648304','2002-10-17 01:24:18','2020-05-02 19:35:01'),(33,'Kobe','Legros','khowe@example.net','09087560023','1985-03-29 04:16:55','1987-07-03 15:46:08'),(34,'Lorenz','Schowalter','alfreda78@example.com','08811109945','2013-11-08 16:46:49','2020-05-02 19:35:01'),(35,'Bart','Heathcote','nicholaus.bechtelar@example.org','1-328-799-5004x77399','2004-06-05 23:49:10','2020-05-02 19:35:01'),(36,'Anjali','Morar','aniyah.osinski@example.com','07720778049','1991-12-05 06:55:26','2016-05-02 21:51:01'),(37,'Johnson','Herzog','jayne01@example.com','(255)687-1432','2008-08-29 03:25:55','2020-05-02 19:35:01'),(38,'Jaclyn','Stehr','nienow.brandon@example.com','066.541.3245x641','1997-03-02 06:02:48','2018-05-31 13:39:41'),(39,'Grover','Hauck','kozey.furman@example.net','+48(0)6324397584','2006-07-24 02:32:15','2012-04-04 20:31:38'),(40,'Daniela','Jerde','haley.kacie@example.net','822-107-7858','1986-10-20 22:08:05','2020-05-02 19:35:01'),(41,'Mabel','Price','maurine.macejkovic@example.net','(947)773-5973x77561','2010-01-15 16:16:23','2020-05-02 19:35:01'),(42,'Eulalia','Hane','padberg.tina@example.net','600.929.1370x4469','2005-07-22 12:01:51','2020-05-02 19:35:01'),(43,'Adaline','Gorczany','jaylon.ebert@example.com','(079)508-4160','1992-06-14 04:37:43','2012-02-07 13:21:09'),(44,'Destiny','Rowe','mthompson@example.net','707.561.4653x26968','2019-08-07 22:26:09','2020-05-02 19:35:01'),(45,'Dedrick','Heaney','lorenzo.becker@example.net','897.424.0178','1995-07-23 11:33:33','2010-10-03 22:54:27'),(46,'Pansy','Bruen','umueller@example.org','+89(7)0648654403','1987-03-16 17:40:20','2011-12-24 12:48:49'),(47,'Deshaun','Yundt','friesen.andrew@example.org','(626)541-1122','1975-10-01 13:29:01','2011-06-24 22:23:39'),(48,'Mabel','Schimmel','feil.everardo@example.net','(697)877-1219x179','1977-11-26 05:07:25','2008-02-18 00:06:12'),(49,'Mac','Kshlerin','amie99@example.org','1-590-139-9994x2547','1979-10-15 03:14:40','1980-09-15 14:48:54'),(50,'Ewald','Emmerich','beier.kay@example.com','750.443.2520','2007-01-25 19:39:39','2020-05-02 19:35:01'),(51,'Candida','Frami','bashirian.ellie@example.org','03527319709','1996-12-07 15:53:11','2020-05-02 19:35:01'),(52,'Albina','Hettinger','reilly.paucek@example.net','429-733-9348x51469','2007-11-24 22:47:22','2020-05-02 19:35:01'),(53,'Erling','Lynch','ocummerata@example.com','1-756-974-1696x9626','1981-12-31 21:56:24','1999-12-07 15:02:54'),(54,'Nettie','Stehr','alivia25@example.net','(321)560-9742','2000-05-20 12:39:49','2020-05-02 19:35:01'),(55,'Elliott','Jenkins','imckenzie@example.net','058.342.8644x0458','1978-12-25 07:40:33','1985-07-11 10:02:55'),(56,'Nella','Beatty','joey.medhurst@example.org','864-618-2757','1977-01-11 06:29:05','2020-05-02 19:35:01'),(57,'Shane','Gislason','beahan.karlee@example.com','06020510961','2000-11-28 00:08:15','2020-05-02 19:35:01'),(58,'Cloyd','Olson','rickie.collier@example.org','990.602.0147x066','1997-10-08 22:36:47','2016-02-03 02:46:13'),(59,'Oliver','Kub','deanna91@example.com','(162)617-8880','1993-06-13 21:25:29','2020-05-02 19:35:01'),(60,'Mary','Leffler','danika49@example.net','+06(9)2775886765','2010-02-21 09:03:31','2020-05-02 19:35:01'),(61,'Mariah','Bruen','lavon32@example.com','+51(8)6789989857','2001-01-28 04:50:09','2020-05-02 19:35:01'),(62,'Althea','Langosh','mclaughlin.soledad@example.org','717.901.9059x0781','1989-12-27 23:16:03','1997-05-19 10:10:11'),(63,'Barry','Anderson','rkoelpin@example.net','1-040-614-2279x25697','2005-02-19 01:28:02','2018-07-13 08:13:56'),(64,'Melany','Rohan','sleuschke@example.org','856-571-7713x457','1978-09-16 13:08:20','1985-07-20 01:01:16'),(65,'Carroll','Wilderman','kristoffer27@example.org','361.958.5925','1998-04-19 02:46:04','2020-05-02 19:35:01'),(66,'Jabari','Hyatt','hartmann.hildegard@example.net','999.802.8348','1987-04-03 12:56:29','2012-09-13 23:42:20'),(67,'Raina','Padberg','xreinger@example.org','(482)429-2201x339','1980-04-16 06:37:10','1994-08-12 06:23:57'),(68,'Kenyatta','Mraz','maida08@example.org','(496)833-5164x1529','2016-08-27 00:50:59','2020-05-02 19:35:01'),(69,'Wilber','Leffler','rsmitham@example.com','(344)437-9380','2008-04-15 08:12:22','2020-05-02 19:35:01'),(70,'Alexandrea','Hoppe','olang@example.com','00071187754','1993-06-21 11:36:18','2008-06-02 05:11:05'),(71,'Alda','Botsford','dare.imogene@example.net','1-109-703-5049','1979-02-09 22:04:24','1998-11-24 18:38:14'),(72,'Timmothy','Larkin','anderson.rath@example.net','04941491610','2011-08-30 18:44:38','2020-05-02 19:35:01'),(73,'Ahmad','Schimmel','gutmann.nelda@example.com','209.692.6990x3996','1990-02-12 17:26:11','2002-05-19 12:51:55'),(74,'Jovanny','Terry','rosemarie60@example.net','1-034-338-1880','1979-01-24 04:59:50','2020-05-02 19:35:01'),(75,'Tre','Bosco','daryl99@example.net','1-913-315-4226x7556','1994-08-08 09:14:23','2020-05-02 19:35:01'),(76,'Aurelia','Lowe','conroy.mohammed@example.com','1-753-845-8934x0211','2013-03-27 22:36:30','2013-06-16 23:02:46'),(77,'Antonetta','Glover','wyman.toby@example.net','178-482-4340x009','2006-12-09 08:02:39','2020-05-02 19:35:01'),(78,'Carlos','Williamson','giovanni.stiedemann@example.org','661.850.5315x0446','2009-11-30 17:37:35','2020-05-02 19:35:01'),(79,'Audra','Lowe','tpfeffer@example.net','346.319.1991','1982-08-10 15:36:36','1989-03-07 19:19:40'),(80,'Davion','Schmeler','brionna.gibson@example.net','01282013426','1983-10-11 15:33:18','2020-05-02 19:35:01'),(81,'Jameson','Prohaska','schmeler.zora@example.net','+61(4)4220861972','2008-10-17 17:38:56','2020-05-02 19:35:01'),(82,'Declan','Fritsch','osmitham@example.com','1-715-811-7695x5119','2007-09-04 02:25:47','2020-05-02 19:35:01'),(83,'Maryam','Flatley','koepp.lafayette@example.net','690-336-0041x70881','2011-07-14 00:00:27','2016-04-28 11:22:10'),(84,'Roscoe','Simonis','rippin.andrew@example.org','1-645-699-5723x2558','2013-04-26 18:25:49','2020-05-02 19:35:01'),(85,'Onie','Reichel','trevor26@example.com','084.436.6333','2008-09-06 21:06:59','2020-05-02 19:35:01'),(86,'Reba','Hermann','micaela00@example.org','043.435.6864','1973-04-07 02:23:01','1980-01-16 18:15:31'),(87,'Araceli','Kessler','o\'connell.marquise@example.com','296-016-1732','2007-10-01 07:38:17','2020-05-02 19:35:01'),(88,'Emmanuel','Jast','graham.amely@example.com','(932)585-8977x25269','1971-06-12 23:01:31','1988-03-04 15:43:08'),(89,'Marques','Vandervort','lucy29@example.com','01341883885','2011-07-11 06:40:25','2015-07-29 14:52:49'),(90,'Mazie','Streich','jasmin.price@example.net','1-806-330-9334x1624','1999-08-17 03:48:00','1999-11-24 08:35:07'),(91,'Lucienne','Gibson','friesen.ezequiel@example.com','+42(1)0953671288','2011-08-05 14:30:55','2020-05-02 19:35:01'),(92,'Odessa','Torphy','luettgen.alan@example.com','738-129-8243x653','1994-12-19 02:21:15','2020-05-02 19:35:01'),(93,'Isidro','Botsford','qwehner@example.net','1-838-783-2814','1992-09-21 18:03:34','2020-05-02 19:35:01'),(94,'Arlo','Frami','stoltenberg.nicolette@example.com','1-185-200-8687x19557','1983-03-30 16:44:38','1994-01-16 15:06:18'),(95,'Chester','Sporer','serena12@example.com','1-688-696-0540','2006-11-11 07:36:55','2008-02-05 09:49:04'),(96,'Maryjane','Swaniawski','fanny15@example.com','(409)102-1238','1997-03-06 01:05:08','2020-05-02 19:35:01'),(97,'Esta','Ryan','ottis25@example.com','02520594483','2019-07-10 04:46:10','2020-05-02 19:35:01'),(98,'Elmira','Glover','cvolkman@example.net','(529)823-9721x6680','1986-04-30 16:11:51','2020-05-02 19:35:01'),(99,'Missouri','Beier','astehr@example.com','07767260576','2003-11-13 02:37:07','2020-05-02 19:35:01'),(100,'Hosea','Goldner','felipa51@example.net','1-911-274-2889','1998-03-08 06:02:41','2017-01-11 10:54:29');
/*!40000 ALTER TABLE `users` ENABLE KEYS */;
UNLOCK TABLES;
/*!40103 SET TIME_ZONE=@OLD_TIME_ZONE */;

/*!40101 SET SQL_MODE=@OLD_SQL_MODE */;
/*!40014 SET FOREIGN_KEY_CHECKS=@OLD_FOREIGN_KEY_CHECKS */;
/*!40014 SET UNIQUE_CHECKS=@OLD_UNIQUE_CHECKS */;
/*!40101 SET CHARACTER_SET_CLIENT=@OLD_CHARACTER_SET_CLIENT */;
/*!40101 SET CHARACTER_SET_RESULTS=@OLD_CHARACTER_SET_RESULTS */;
/*!40101 SET COLLATION_CONNECTION=@OLD_COLLATION_CONNECTION */;
/*!40111 SET SQL_NOTES=@OLD_SQL_NOTES */;

-- Dump completed on 2020-05-02 19:59:19
